
<smartXplorerReport>
    <command>"C:\Xilinx\14.4\ISE_DS\ISE\bin\nt64\smartxplorer.exe" -p xc6slx16-csg324-3 -b -wd smartxplorer_results top.ngd -to "-v 3 -s 3 -n 3 -fastpaths -xml top.twx -ucf hf.ucf" -host_list hostlistfile.txt -max_runs 7 -ra
    </command>
    <programStatus>Done
    </programStatus>
    <programPID>17616
    </programPID>
    
    <strategy name="MapRunTime">
        <strategyData>map  -ol high -w ; par  -ol high 
        </strategyData>
        <xdsFile>mapruntime.xds
        </xdsFile>
        <host name="SHERMAN">
            <hostData>Windows_NT, Intel64 Family 6 Model 61 Stepping 4, GenuineIntel, 4-processor, -1G RAM
            </hostData>
        </host>
        <runIndex>run1
        </runIndex>
        <status>Done
        </status>
        <logFile>top_sx.log
        </logFile>
        <timingScore>0
        </timingScore>
        <WorstCaseSlack>0.128ns
        </WorstCaseSlack>
        <Luts>668 (7%)
	</Luts>
	<SliceRegisters>689 (3%)
	</SliceRegisters>
	<runTime>0h 1m 35s
        </runTime>
    </strategy>
    <strategy name="MapLogicOpt">
        <strategyData>map  -ol high -xe n -logic_opt on -t 2 -w ; par  -ol high -xe n 
        </strategyData>
        <xdsFile>maplogicopt.xds
        </xdsFile>
        <host name="SHERMAN">
            <hostData>Windows_NT, Intel64 Family 6 Model 61 Stepping 4, GenuineIntel, 4-processor, -1G RAM
            </hostData>
        </host>
        <runIndex>run2
        </runIndex>
        <status>Done
        </status>
        <logFile>top_sx.log
        </logFile>
        <timingScore>0
        </timingScore>
        <WorstCaseSlack>0.044ns
        </WorstCaseSlack>
        <Luts>656 (7%)
	</Luts>
	<SliceRegisters>689 (3%)
	</SliceRegisters>
	<runTime>0h 1m 46s
        </runTime>
    </strategy>
    <strategy name="MapGlobOptIOReg">
        <strategyData>map  -ol high -global_opt speed -pr b -w ; par  -ol high -xe n 
        </strategyData>
        <xdsFile>mapgloboptioreg.xds
        </xdsFile>
        <host name="SHERMAN">
            <hostData>Windows_NT, Intel64 Family 6 Model 61 Stepping 4, GenuineIntel, 4-processor, -1G RAM
            </hostData>
        </host>
        <runIndex>run3
        </runIndex>
        <status>Done
        </status>
        <logFile>top_sx.log
        </logFile>
        <timingScore>0
        </timingScore>
        <WorstCaseSlack>0.067ns
        </WorstCaseSlack>
        <Luts>674 (7%)
	</Luts>
	<SliceRegisters>685 (3%)
	</SliceRegisters>
	<runTime>0h 1m 57s
        </runTime>
    </strategy>
    <strategy name="MapRegDup">
        <strategyData>map  -ol high -xe n -register_duplication on -w ; par  -ol high -xe n 
        </strategyData>
        <xdsFile>mapregdup.xds
        </xdsFile>
        <host name="SHERMAN">
            <hostData>Windows_NT, Intel64 Family 6 Model 61 Stepping 4, GenuineIntel, 4-processor, -1G RAM
            </hostData>
        </host>
        <runIndex>run4
        </runIndex>
        <status>Done
        </status>
        <logFile>top_sx.log
        </logFile>
        <timingScore>0
        </timingScore>
        <WorstCaseSlack>0.084ns
        </WorstCaseSlack>
        <Luts>668 (7%)
	</Luts>
	<SliceRegisters>689 (3%)
	</SliceRegisters>
	<runTime>0h 2m 8s
        </runTime>
    </strategy>
    <strategy name="MapExtraEffortIOReg">
        <strategyData>map  -ol high -xe n -pr b -t 7 -w ; par  -ol high -xe n 
        </strategyData>
        <xdsFile>mapextraeffortioreg.xds
        </xdsFile>
        <host name="SHERMAN">
            <hostData>Windows_NT, Intel64 Family 6 Model 61 Stepping 4, GenuineIntel, 4-processor, -1G RAM
            </hostData>
        </host>
        <runIndex>run5
        </runIndex>
        <status>Done
        </status>
        <logFile>top_sx.log
        </logFile>
        <timingScore>0
        </timingScore>
        <WorstCaseSlack>0.040ns
        </WorstCaseSlack>
        <Luts>658 (7%)
	</Luts>
	<SliceRegisters>686 (3%)
	</SliceRegisters>
	<runTime>0h 1m 20s
        </runTime>
    </strategy>
    <strategy name="MapLogOptRegDup">
        <strategyData>map  -ol high -xe n -logic_opt on -register_duplication on -t 2 -w ; par  -ol high -xe n 
        </strategyData>
        <xdsFile>maplogoptregdup.xds
        </xdsFile>
        <host name="SHERMAN">
            <hostData>Windows_NT, Intel64 Family 6 Model 61 Stepping 4, GenuineIntel, 4-processor, -1G RAM
            </hostData>
        </host>
        <runIndex>run6
        </runIndex>
        <status>Done
        </status>
        <logFile>top_sx.log
        </logFile>
        <timingScore>0
        </timingScore>
        <WorstCaseSlack>0.044ns
        </WorstCaseSlack>
        <Luts>656 (7%)
	</Luts>
	<SliceRegisters>689 (3%)
	</SliceRegisters>
	<runTime>0h 1m 31s
        </runTime>
    </strategy>
    <strategy name="MapExtraEffort2">
        <strategyData>map  -ol high -xe n -t 3 -w ; par  -ol high 
        </strategyData>
        <xdsFile>mapextraeffort2.xds
        </xdsFile>
        <host name="SHERMAN">
            <hostData>Windows_NT, Intel64 Family 6 Model 61 Stepping 4, GenuineIntel, 4-processor, -1G RAM
            </hostData>
        </host>
        <runIndex>run7
        </runIndex>
        <status>Done
        </status>
        <logFile>top_sx.log
        </logFile>
        <timingScore>0
        </timingScore>
        <WorstCaseSlack>0.099ns
        </WorstCaseSlack>
        <Luts>652 (7%)
	</Luts>
	<SliceRegisters>689 (3%)
	</SliceRegisters>
	<runTime>0h 1m 42s
        </runTime>
    </strategy>
    <bestStrategy>MapExtraEffortIOReg
    </bestStrategy>
    <envVariables>
        <env name="LM_LICENSE_FILE"  value="C:\.Xilinx"/>
        <env name="XILINX_PLANAHEAD"  value="C:\Xilinx\14.4\ISE_DS\PlanAhead"/>
        <env name="XILINX_DSP"  value="C:\Xilinx\14.4\ISE_DS\ISE"/>
        <env name="XILINX_EDK"  value="C:\Xilinx\14.4\ISE_DS\EDK"/>
        <env name="PATH"  value="C:\Xilinx\14.4\ISE_DS\ISE\\lib\nt64;C:\Xilinx\14.4\ISE_DS\ISE\\bin\nt64;C:\Xilinx\Vivado_HLS\2012.4\bin;C:\Xilinx\14.4\ISE_DS\ISE\bin\nt64;C:\Xilinx\14.4\ISE_DS\ISE\lib\nt64;C:\Xilinx\14.4\ISE_DS\ISE\..\..\..\DocNav;C:\Xilinx\Vivado\2012.4\bin;C:\Xilinx\14.4\ISE_DS\PlanAhead\bin;C:\Xilinx\14.4\ISE_DS\EDK\bin\nt64;C:\Xilinx\14.4\ISE_DS\EDK\lib\nt64;C:\Xilinx\14.4\ISE_DS\EDK\gnu\microblaze\nt64\bin;C:\Xilinx\14.4\ISE_DS\EDK\gnu\powerpc-eabi\nt64\bin;C:\Xilinx\14.4\ISE_DS\EDK\gnuwin\bin;C:\Xilinx\14.4\ISE_DS\EDK\gnu\arm\nt\bin;C:\Xilinx\14.4\ISE_DS\EDK\gnu\microblaze\linux_toolchain\nt64_be\bin;C:\Xilinx\14.4\ISE_DS\EDK\gnu\microblaze\linux_toolchain\nt64_le\bin;C:\Xilinx\14.4\ISE_DS\common\bin\nt64;C:\Xilinx\14.4\ISE_DS\common\lib\nt64;C:\WINDOWS\system32;C:\WINDOWS;C:\WINDOWS\System32\Wbem;C:\WINDOWS\System32\WindowsPowerShell\v1.0\;C:\Program Files (x86)\Yarn\bin;C:\Program Files\nodejs\;C:\Program Files (x86)\GNU\GnuPG\pub;C:\Program Files\Git\cmd;C:\Program Files\CMake\bin;C:\UsefulTools\chromium\depot_tools;C:\Users\yangf\AppData\Local\Microsoft\WindowsApps;C:\Users\yangf\AppData\Local\Yarn\bin;C:\Users\yangf\AppData\Roaming\npm"/>
        <env name="XILINXD_LICENSE_FILE"  value="C:\.Xilinx"/>
        <env name="XILINX_VIVADO"  value="C:\Xilinx\Vivado\2012.4"/>
        <env name="XILINX"  value="C:\Xilinx\14.4\ISE_DS\ISE\"/>
        
    </envVariables>
    <copyResult>MapExtraEffortIOReg
    </copyResult>
</smartXplorerReport>
