<?xml version="1.0"?>
<Interface Version="1" Minor="1">
	<Ifc Id="ROOT" Top="1">
		<Bus Id="Led">
			<Port Id="7" Dir="OUT"/>
			<Port Id="6" Dir="OUT"/>
			<Port Id="5" Dir="OUT"/>
			<Port Id="4" Dir="OUT"/>
			<Port Id="3" Dir="OUT"/>
			<Port Id="2" Dir="OUT"/>
			<Port Id="1" Dir="OUT"/>
			<Port Id="0" Dir="OUT"/>
		</Bus>
		<Port Id="rst" Dir="IN"/>
		<Port Id="clk" Dir="IN"/>
		<Port Id="channel" Dir="IN"/>
		<Port Id="trigger" Dir="IN"/>
		<Port Id="uart_rx" Dir="IN"/>
		<Port Id="uart_tx" Dir="OUT"/>
		<Port Id="SPI_SS" Dir="OUT"/>
		<Port Id="SPI_SCLK" Dir="OUT"/>
		<Port Id="SPI_DATA" Dir="OUT"/>
	</Ifc>
</Interface>

