<?xml version="1.0" encoding="UTF-8"?>
<!-- IMPORTANT: This is an internal file that has been generated
     by the Xilinx ISE software.  Any direct editing or
     changes made to this file may result in unpredictable
     behavior or data corruption.  It is strongly advised that
     users do not edit the contents of this file. -->
<DeviceUsageSummary rev="1">
<DesignStatistics TimeStamp="Sun Nov 12 17:54:36 2017"><group name="MiscellaneousStatistics">
<item name="AGG_BONDED_IO" rev="1">
<attrib name="value" value="17"/></item>
<item name="AGG_IO" rev="1">
<attrib name="value" value="17"/></item>
<item name="AGG_LOCED_IO" rev="1">
<attrib name="value" value="17"/></item>
<item name="AGG_SLICE" rev="1">
<attrib name="value" value="245"/></item>
<item name="NUM_BONDED_IOB" rev="1">
<attrib name="value" value="17"/></item>
<item name="NUM_BSFULL" rev="1">
<attrib name="value" value="447"/></item>
<item name="NUM_BSLUTONLY" rev="1">
<attrib name="value" value="205"/></item>
<item name="NUM_BSREGONLY" rev="1">
<attrib name="value" value="182"/></item>
<item name="NUM_BSUSED" rev="1">
<attrib name="value" value="834"/></item>
<item name="NUM_BUFG" rev="1">
<attrib name="value" value="5"/></item>
<item name="NUM_BUFIO2" rev="1">
<attrib name="value" value="1"/></item>
<item name="NUM_BUFIO2FB" rev="1">
<attrib name="value" value="1"/></item>
<item name="NUM_IOB_FF" rev="1">
<attrib name="value" value="1"/></item>
<item name="NUM_LOCED_IOB" rev="1">
<attrib name="value" value="17"/></item>
<item name="NUM_LOGIC_O5ANDO6" rev="1">
<attrib name="value" value="295"/></item>
<item name="NUM_LOGIC_O5ONLY" rev="1">
<attrib name="value" value="31"/></item>
<item name="NUM_LOGIC_O6ONLY" rev="1">
<attrib name="value" value="301"/></item>
<item name="NUM_LUT_RT_DRIVES_CARRY4" rev="1">
<attrib name="value" value="3"/></item>
<item name="NUM_LUT_RT_DRIVES_FLOP" rev="1">
<attrib name="value" value="21"/></item>
<item name="NUM_LUT_RT_EXO5" rev="1">
<attrib name="value" value="21"/></item>
<item name="NUM_LUT_RT_EXO6" rev="1">
<attrib name="value" value="3"/></item>
<item name="NUM_LUT_RT_O5" rev="1">
<attrib name="value" value="3"/></item>
<item name="NUM_LUT_RT_O6" rev="1">
<attrib name="value" value="31"/></item>
<item name="NUM_OLOGIC2" rev="1">
<attrib name="value" value="1"/></item>
<item name="NUM_PLL_ADV" rev="1">
<attrib name="value" value="1"/></item>
<item name="NUM_RAMB16BWER" rev="1">
<attrib name="value" value="4"/></item>
<item name="NUM_SLICEL" rev="1">
<attrib name="value" value="77"/></item>
<item name="NUM_SLICEM" rev="1">
<attrib name="value" value="1"/></item>
<item name="NUM_SLICEX" rev="1">
<attrib name="value" value="167"/></item>
<item name="NUM_SLICE_CARRY4" rev="1">
<attrib name="value" value="77"/></item>
<item name="NUM_SLICE_CONTROLSET" rev="1">
<attrib name="value" value="32"/></item>
<item name="NUM_SLICE_CYINIT" rev="1">
<attrib name="value" value="991"/></item>
<item name="NUM_SLICE_FF" rev="1">
<attrib name="value" value="689"/></item>
<item name="NUM_SLICE_UNUSEDCTRL" rev="1">
<attrib name="value" value="19"/></item>
<item name="NUM_SRL_O6ONLY" rev="1">
<attrib name="value" value="1"/></item>
<item name="NUM_UNUSABLE_FF_BELS" rev="1">
<attrib name="value" value="102"/></item>
<item name="Xilinx Core fifo_generator_v9_3, Xilinx CORE Generator 14.4" rev="1">
<attrib name="value" value="1"/></item>
</group>
</DesignStatistics>
<CmdHistory>
</CmdHistory>
</DeviceUsageSummary>
